     1.4 ACCESSING DATABASE

1.

mysql> select *from Customer;
+-------+-------+---------+---------+-----------+
| id    | name  | address | City    | ph_no     |
+-------+-------+---------+---------+-----------+
| 10001 | ram   | tfyffg  | Calicut |      NULL |
| 10002 | Yadu  | fhgwefh | ekm     | 873733333 |
| 10003 | Abhi  | ghfjkh  | tvm     |  78554544 |
| 10004 | radha | hfsdkfj | Calicut |      NULL |
| 10005 | ramu  | jdfheh  | tvm     |  85734894 |
+-------+-------+---------+---------+-----------+
5 rows in set (0.00 sec)


2.

mysql> select pname,price from Product;
+---------+-------+
| pname   | price |
+---------+-------+
| pen     |    61 |
| pencil  |    56 |
| soap    |    82 |
| book    |    87 |
| eraiser |    98 |
| bucket  |   153 |
+---------+-------+
6 rows in set (0.00 sec)


3.

mysql> select *from Invoice_item;
+--------+------+----------+
| inv_id | pid  | quantity |
+--------+------+----------+
|    102 |    2 |      202 |
|    101 |    6 |        2 |
|    102 |    1 |        2 |
|    102 |    2 |      202 |
|    104 |    3 |        1 |
|    101 |    6 |        2 |
|    101 |    5 |        1 |
|    105 |    4 |        1 |
+--------+------+----------+
8 rows in set (0.00 sec)

mysql> select distinct pid from Invoice_item;
+------+
| pid  |
+------+
|    1 |
|    2 |
|    3 |
|    4 |
|    5 |
|    6 |
+------+
6 rows in set (0.00 sec)

4.

mysql> select *from Product;
+-----+---------+-------+
| pid | pname   | price |
+-----+---------+-------+
|   1 | pen     |    61 |
|   2 | pencil  |    56 |
|   3 | soap    |    82 |
|   4 | book    |    87 |
|   5 | eraiser |    98 |
|   6 | bucket  |   153 |
+-----+---------+-------+
6 rows in set (0.00 sec)

mysql> select *from Product where price between 50 and 150;
+-----+---------+-------+
| pid | pname   | price |
+-----+---------+-------+
|   1 | pen     |    61 |
|   2 | pencil  |    56 |
|   3 | soap    |    82 |
|   4 | book    |    87 |
|   5 | eraiser |    98 |
+-----+---------+-------+
5 rows in set (0.00 sec)


5.

mysql> select *from Customer;
+-------+-------+---------+---------+-----------+
| id    | name  | address | City    | ph_no     |
+-------+-------+---------+---------+-----------+
| 10001 | ram   | tfyffg  | Calicut |      NULL |
| 10002 | Yadu  | fhgwefh | ekm     | 873733333 |
| 10003 | Abhi  | ghfjkh  | tvm     |  78554544 |
| 10004 | radha | hfsdkfj | Calicut |      NULL |
| 10005 | ramu  | jdfheh  | tvm     |  85734894 |
+-------+-------+---------+---------+-----------+
5 rows in set (0.00 sec)

mysql> select *from Customer where city in ('ekm','tvm');
+-------+------+---------+------+-----------+
| id    | name | address | City | ph_no     |
+-------+------+---------+------+-----------+
| 10002 | Yadu | fhgwefh | ekm  | 873733333 |
| 10003 | Abhi | ghfjkh  | tvm  |  78554544 |
| 10005 | ramu | jdfheh  | tvm  |  85734894 |
+-------+------+---------+------+-----------+
3 rows in set (0.00 sec)


//VERIFIED
