                       EXP 2. PL SQL
                       
                       
        2.1 PL/SQL PROGRAMS - STORED PROCEDURES
        
1.



mysql> delimiter //
mysql> create procedure cust_tab() begin select *from Customer; select *from Product; select *from Invoice_master; Select *from Invoice_item; end//
Query OK, 0 rows affected (0.17 sec)

mysql> call cust_tab() //
+-------+-------+---------+---------+-----------+
| id    | name  | address | City    | ph_no     |
+-------+-------+---------+---------+-----------+
| 10001 | radha | tfyffg  | Calicut |      NULL |
| 10002 | Yadu  | fhgwefh | ekm     | 873733333 |
| 10003 | Abhi  | ghfjkh  | tvm     |  78554544 |
| 10004 | radha | hfsdkfj | Calicut |      NULL |
| 10005 | ramu  | jdfheh  | tvm     |  85734894 |
| 10006 | sitha | hadgd   | Calicut |    567567 |
+-------+-------+---------+---------+-----------+
6 rows in set (0.00 sec)

+-----+---------+-------+
| pid | pname   | price |
+-----+---------+-------+
|   1 | pen     |    61 |
|   2 | pencil  |    56 |
|   3 | soap    |    82 |
|   4 | book    |    87 |
|   5 | eraiser |    98 |
|   6 | bucket  |   153 |
+-----+---------+-------+
6 rows in set (0.00 sec)

+--------+---------+------------+
| inv_id | cust_id | inv_date   |
+--------+---------+------------+
|    101 |   10001 | 2022-05-26 |
|    102 |   10001 | 2022-05-26 |
|    103 |   10002 | 2021-06-22 |
|    104 |   10003 | 2022-01-24 |
|    105 |   10003 | 2022-01-22 |
+--------+---------+------------+
5 rows in set (0.00 sec)

+--------+------+----------+
| inv_id | pid  | quantity |
+--------+------+----------+
|    102 |    2 |      202 |
|    101 |    6 |        2 |
|    102 |    1 |        2 |
|    102 |    2 |      202 |
|    104 |    3 |        1 |
|    101 |    6 |        2 |
|    101 |    5 |        1 |
|    105 |    4 |        1 |
+--------+------+----------+
8 rows in set (0.00 sec)

Query OK, 0 rows affected (0.00 sec)



               2.2 PL/SQL PROGRAMS -FUNCTIONS
               
1.


mysql> delimiter //
mysql> create function priceind(price int) returns varchar(20) deterministic begin declare price_ind varchar(20); if price<=35 then set price_ind='low'; elseif(price>35 and price<=200) then set price_ind='medium'; elseif price>200 then set price_ind='high'; end if; return(price_ind); end //
Query OK, 0 rows affected (0.17 sec)

mysql> select pid,pname,price,priceind(price) from Product //
+-----+---------+-------+-----------------+
| pid | pname   | price | priceind(price) |
+-----+---------+-------+-----------------+
|   1 | pen     |    61 | medium          |
|   2 | pencil  |    56 | medium          |
|   3 | soap    |    82 | medium          |
|   4 | book    |    87 | medium          |
|   5 | eraiser |    98 | medium          |
|   6 | bucket  |   153 | medium          |
+-----+---------+-------+-----------------+
6 rows in set (0.03 sec)


               2.2 PL/SQL PROGRAMS -TRIGERS
               
               
1.

mysql> create temporary table Cust (select * from Customer);
    -> //
Query OK, 6 rows affected (0.03 sec)
Records: 6  Duplicates: 0  Warnings: 0

mysql> truncate Cust//
Query OK, 0 rows affected (0.00 sec)

mysql> create trigger cust_trig after update on Customer for each row begin insert into Cust set id=new.id,name=new.name,address=new.address,city=new.city,ph_no=new.ph_no; end//
Query OK, 0 rows affected (0.19 sec)

mysql> update Customer set city="Idukki" where id=10005 //
Query OK, 1 row affected (0.13 sec)
Rows matched: 1  Changed: 1  Warnings: 0

mysql> update Customer set ph_no=374623784 where id=10001//
Query OK, 1 row affected (0.09 sec)
Rows matched: 1  Changed: 1  Warnings: 0

mysql> select *from Cust//
+-------+-------+---------+---------+-----------+
| id    | name  | address | City    | ph_no     |
+-------+-------+---------+---------+-----------+
| 10005 | ramu  | jdfheh  | Idukki  |  85734894 |
| 10001 | radha | tfyffg  | Calicut | 374623784 |
+-------+-------+---------+---------+-----------+
2 rows in set (0.00 sec)


2.

mysql> create trigger trig_relation before insert on Product for each row begin if new.price<5 then set new.price=10; end if; end; //
Query OK, 0 rows affected (0.14 sec)

mysql> insert into Product values(8,'ERASSER',3)//
Query OK, 1 row affected (0.09 sec)

mysql> SELECT *FROM Product//
+-----+---------+-------+
| pid | pname   | price |
+-----+---------+-------+
|   1 | pen     |    61 |
|   2 | pencil  |    56 |
|   3 | soap    |    82 |
|   4 | book    |    87 |
|   5 | eraiser |    98 |
|   6 | bucket  |   153 |
|   8 | ERASSER |    10 |
+-----+---------+-------+
7 rows in set (0.00 sec)






